way_id,predicted_mph,confidence
8701218,25,0.717
8706922,25,0.807
8712042,25,0.823
8712050,25,0.787
8725586,25,0.813
8725950,25,0.783
10744384,25,0.920
10744387,25,0.743
10744394,25,0.710
10744397,25,0.750
10744399,25,0.737
10744463,25,0.847
10744495,25,0.793
10744620,25,0.820
10744634,25,0.790
10744635,25,0.747
10744693,25,0.787
10744804,25,0.893
10744995,25,0.817
10744996,25,0.807
10744997,25,0.810
10745020,25,0.850
10745067,25,0.927
10745123,25,0.870
10745126,25,0.733
10745140,25,0.840
10745144,25,0.917
10745147,25,0.823
10745150,25,0.750
10745154,25,0.893
10745157,25,0.837
10745159,25,0.880
10745163,25,0.847
10745171,25,0.933
10745172,25,0.900
10745182,25,0.953
10745189,25,0.827
10745200,30,0.553
10745201,25,0.730
10745214,30,0.520
10745215,25,0.853
10745216,25,0.910
10745218,25,0.790
10745221,25,0.857
10745224,25,0.923
10745229,25,0.837
10745230,25,0.877
10745233,25,0.767
10745237,25,0.820
10745239,25,0.863
10745240,25,0.960
10745256,25,0.940
10745259,25,0.723
10745263,25,0.787
10745266,25,0.733
10745279,25,0.950
10745283,25,0.943
10745298,25,0.647
10745315,25,0.780
10745317,25,0.707
10745321,25,0.767
10745322,25,0.753
10745324,25,0.880
10745325,25,0.943
10745328,25,0.843
10745330,25,0.790
10745331,25,0.830
10745334,25,0.780
10745336,25,0.640
10745338,25,0.880
10745345,25,0.753
10745349,25,0.903
10745350,25,0.900
10745357,25,0.890
10745360,25,0.903
10745362,25,0.853
10745364,25,0.880
10745365,25,0.717
10745370,25,0.727
10745371,25,0.927
10745375,25,0.740
10745385,25,0.880
10745401,25,0.953
10745402,25,0.863
10745403,25,0.853
10745405,25,0.680
10745407,25,0.783
10745410,25,0.917
10745411,25,0.753
10745415,25,0.890
10745417,25,0.847
10745419,25,0.767
10745422,25,0.947
10745431,25,0.930
10745433,25,0.830
10745446,25,0.730
10745447,25,0.713
10745448,25,0.713
10745452,25,0.940
10745454,25,0.770
10745459,25,0.753
10745460,25,0.733
10745463,25,0.723
10745466,25,0.863
10745470,25,0.847
10745478,25,0.843
10745481,25,0.933
10745488,25,0.803
10745491,25,0.730
10745496,25,0.830
10745504,25,0.897
10745509,25,0.690
10745510,25,0.847
10745524,25,0.900
10745525,25,0.693
10745530,25,0.737
10745534,25,0.837
10745535,25,0.810
10745536,25,0.747
10745550,25,0.840
10745554,25,0.687
10745557,25,0.853
10745558,25,0.940
10745562,25,0.877
10745568,25,0.857
10745579,25,0.730
10745587,25,0.817
10745588,25,0.823
10745598,25,0.870
10745604,25,0.857
10745615,25,0.783
10745628,25,0.957
10745637,25,0.790
10745646,25,0.697
10745647,25,0.920
10745649,25,0.873
10745650,25,0.730
10745652,25,0.770
10745654,25,0.777
10745657,25,0.910
10745672,25,0.897
10745673,25,0.833
10745675,30,0.567
10745679,25,0.740
10745681,25,0.977
10745682,30,0.560
10745687,25,0.890
10745688,25,0.817
10745690,25,0.720
10745691,25,0.943
10745694,25,0.757
10745716,25,0.840
10745718,25,0.757
10745719,25,0.760
10745721,25,0.830
10745722,25,0.907
10745726,25,0.803
10745727,25,0.837
10745730,25,0.850
10745740,25,0.910
10745742,25,0.947
10745743,25,0.740
10745753,25,0.730
10745757,25,0.737
10745778,25,0.900
10745785,25,0.807
10745793,25,0.733
10745795,25,0.837
10745798,25,0.947
10745799,25,0.817
10745807,25,0.727
10745809,25,0.923
10745816,25,0.720
10745821,25,0.843
10745824,25,0.933
10745836,25,0.867
10745840,25,0.777
10745842,25,0.883
10745845,25,0.923
10745850,25,0.850
10745852,25,0.793
10745853,25,0.687
10745854,25,0.943
10745856,25,0.867
10745857,25,0.830
10745861,25,0.823
10745862,25,0.843
10745879,25,0.873
10745881,25,0.737
10745884,25,0.917
10745890,25,0.723
10745893,25,0.717
10745897,25,0.953
10745904,25,0.807
10745920,25,0.630
10745926,25,0.800
10745931,25,0.790
10745934,25,0.730
10745936,25,0.670
10745939,25,0.750
10745940,25,0.827
10745941,25,0.707
10745943,25,0.847
10745949,25,0.973
10745959,25,0.900
10745975,25,0.770
10745990,25,0.687
10746002,25,0.907
10746011,25,0.803
10746012,25,0.927
10746013,25,0.863
10746023,25,0.853
10746025,25,0.917
10746026,25,0.890
10746030,25,0.710
10746035,25,0.730
10746036,25,0.747
10746037,25,0.780
10746048,25,0.847
10746050,25,0.793
10746053,25,0.803
10746062,25,0.860
10746068,25,0.813
10746069,25,0.903
10746070,25,0.723
10746088,25,0.827
10746089,25,0.853
10746090,25,0.850
10746101,25,0.737
10746105,25,0.687
10746108,30,0.637
10746109,25,0.847
10746118,25,0.833
10746126,25,0.953
10746138,25,0.697
10746141,25,0.873
10746142,25,0.947
10746145,25,0.650
10746146,25,0.863
10746148,25,0.737
10746150,25,0.883
10746153,25,0.797
10746158,25,0.877
10746159,25,0.840
10746160,25,0.863
10746161,25,0.860
10746173,25,0.800
10746174,25,0.880
10746177,25,0.947
10746178,25,0.670
10746182,25,0.897
10746183,25,0.943
10746185,25,0.833
10746191,25,0.897
10746192,25,0.823
10746193,25,0.903
10746194,25,0.847
10746195,25,0.830
10746196,25,0.900
10746201,25,0.890
10746206,25,0.927
10746208,25,0.820
10746209,30,0.513
10746211,30,0.813
10746218,25,0.920
10746220,25,0.770
10746221,25,0.703
10746222,25,0.697
10746223,25,0.897
10746226,25,0.747
10746230,25,0.880
10746231,25,0.877
10746232,25,0.887
10746236,25,0.720
10746242,25,0.823
10746243,25,0.740
10746244,25,0.727
10746247,25,0.753
10746250,25,0.837
10746251,25,0.800
10746254,25,0.810
10746257,25,0.723
10746262,25,0.940
10746266,25,0.713
10746274,25,0.813
10746275,25,0.707
10746281,25,0.857
10746282,25,0.917
10746285,25,0.870
10746286,25,0.807
10746288,25,0.937
10746290,25,0.723
10746292,25,0.727
10746304,25,0.717
10746310,25,0.877
10746311,25,0.913
10746313,25,0.883
10746318,25,0.793
10746323,25,0.737
10746325,25,0.727
10746337,25,0.823
10746342,25,0.877
10746346,25,0.743
10746351,25,0.830
10746355,25,0.680
10746381,25,0.860
10746382,25,0.847
10746384,25,0.900
10746392,25,0.807
10746397,25,0.723
10746398,25,0.883
10746400,25,0.683
10746410,25,0.863
10746415,25,0.743
10746419,25,0.720
10746423,25,0.877
10746424,25,0.707
10746426,25,0.937
10746433,25,0.737
10746435,25,0.763
10746437,25,0.720
10746447,25,0.803
10746453,25,0.877
10746455,25,0.937
10746456,25,0.743
10746461,25,0.730
10746464,25,0.720
10746468,25,0.743
10746475,25,0.723
10746478,25,0.823
10746479,25,0.823
10746480,25,0.873
10746481,25,0.743
10746485,25,0.740
10746486,25,0.903
10746488,25,0.673
10746490,25,0.857
10746495,25,0.737
10746501,25,0.890
10746505,25,0.817
10746506,25,0.920
10746512,25,0.783
10746513,25,0.940
10746514,25,0.740
10746516,25,0.843
10746517,25,0.730
10746518,25,0.727
10746519,25,0.917
10746524,25,0.913
10746532,25,0.980
10746534,25,0.810
10746543,25,0.770
10746544,25,0.720
10746547,25,0.847
10746554,25,0.977
10746562,25,0.810
10746565,25,0.893
10746567,25,0.753
10746568,25,0.710
10746573,25,0.910
10746574,25,0.850
10746580,25,0.817
10746581,25,0.527
10746586,25,0.917
10746588,25,0.933
10746589,25,0.877
10746591,25,0.900
10746598,25,0.823
10746599,25,0.737
10746602,25,0.923
10746603,25,0.893
10746606,25,0.820
10746611,25,0.733
10746612,25,0.720
10746613,25,0.707
10746614,25,0.840
10746618,25,0.863
10746619,25,0.700
10746621,25,0.733
10746622,25,0.697
10746624,25,0.937
10746633,25,0.710
10746634,25,0.897
10746636,25,0.720
10746639,25,0.803
10746648,25,0.730
10746649,25,0.727
10746655,25,0.737
10746656,25,0.760
10746659,25,0.763
10746661,25,0.780
10746663,25,0.807
10746665,25,0.710
10746670,25,0.830
10746671,25,0.857
10746682,25,0.927
10746684,25,0.817
10746687,25,0.870
10746690,25,0.697
10746691,25,0.767
10746692,25,0.840
10746693,25,0.800
10746698,25,0.833
10746699,25,0.753
10746710,25,0.863
10746713,25,0.843
10746716,25,0.903
10746718,25,0.780
10746725,25,0.947
10746726,25,0.727
10746727,25,0.877
10746736,25,0.817
10746738,25,0.900
10746740,25,0.670
10746744,25,0.780
10746746,25,0.740
10746749,25,0.840
10746750,25,0.747
10746756,25,0.827
10746757,25,0.837
10746768,25,0.760
10746793,25,0.933
10746794,25,0.737
10746802,25,0.813
10746804,25,0.733
10746810,25,0.830
10746811,25,0.760
10746813,25,0.930
10746814,25,0.827
10746816,25,0.850
10746817,25,0.717
10746825,25,0.730
10746827,25,0.673
10746828,25,0.880
10746836,25,0.730
10746837,25,0.753
10746838,25,0.713
10746851,25,0.733
10746855,25,0.900
10746857,25,0.877
10746858,25,0.890
10746860,25,0.683
10746871,25,0.803
10746873,25,0.740
10746874,25,0.903
10746875,25,0.710
10746877,25,0.927
10746879,25,0.910
10746882,25,0.880
10746886,25,0.737
10746894,25,0.693
10746896,25,0.900
10746897,25,0.897
10746898,25,0.820
10746903,25,0.877
10746905,25,0.870
10746907,25,0.827
10746912,25,0.820
10746914,25,0.737
10746918,25,0.720
10746919,25,0.880
10746920,25,0.827
10746921,25,0.860
10746922,25,0.790
10746923,25,0.820
10746930,25,0.813
10746935,25,0.890
10746937,25,0.873
10746940,25,0.753
10746943,25,0.763
10746944,25,0.880
10746947,25,0.803
10746950,25,0.730
10746953,25,0.527
10746954,30,0.513
10746955,25,0.843
10746957,25,0.847
10746958,25,0.750
10746959,25,0.860
10746962,25,0.873
10746966,30,0.530
10746971,25,0.757
10746976,25,0.923
10746979,25,0.713
10746981,25,0.890
10746988,25,0.833
10746993,25,0.883
10746995,25,0.813
10746997,25,0.777
10746998,25,0.743
10747001,25,0.880
10747002,25,0.800
10747012,25,0.750
10747014,25,0.870
10747018,25,0.863
10747020,25,0.733
10747021,25,0.723
10747026,25,0.943
10747029,25,0.780
10747032,25,0.913
10747034,25,0.693
10747036,25,0.833
10747037,25,0.823
10747039,25,0.837
10747042,25,0.713
10747045,25,0.837
10747047,25,0.843
10747048,25,0.937
10747054,25,0.950
10747055,25,0.893
10747058,25,0.730
10747059,25,0.737
10747074,25,0.713
10747076,25,0.787
10747077,25,0.857
10747078,25,0.923
10747079,25,0.863
10747081,25,0.740
10747083,25,0.747
10747085,25,0.923
10747090,25,0.747
10747091,25,0.750
10747093,25,0.840
10747096,25,0.730
10747097,25,0.933
10747099,25,0.787
10747101,25,0.877
10747105,25,0.843
10747107,25,0.740
10747111,25,0.737
10747112,25,0.820
10747113,25,0.743
10747115,25,0.840
10747116,25,0.807
10747117,25,0.873
10747119,25,0.877
10747123,25,0.847
10747130,25,0.790
10747135,25,0.707
10747145,25,0.557
10747150,25,0.673
10747153,25,0.867
10747155,25,0.893
10747167,25,0.877
10747168,25,0.900
10747170,25,0.890
10747174,25,0.880
10747177,25,0.717
10747180,25,0.883
10747181,25,0.880
10747183,25,0.800
10747189,25,0.880
10747190,25,0.943
10747192,25,0.737
10747193,25,0.907
10747197,25,0.787
10747199,25,0.507
10747200,25,0.883
10747201,25,0.940
10747204,25,0.813
10747209,30,0.520
10747213,25,0.863
10747226,25,0.840
10747227,25,0.953
10747228,25,0.733
10747229,25,0.720
10747232,25,0.800
10747236,25,0.810
10747242,25,0.687
10747244,25,0.910
10747257,25,0.833
10747258,25,0.843
10747263,25,0.880
10747265,25,0.850
10747267,25,0.810
10747269,25,0.857
10747271,25,0.900
10747279,25,0.537
10747280,25,0.513
10747282,25,0.907
10747286,25,0.940
10747287,25,0.700
10747290,25,0.883
10747291,25,0.850
10747292,25,0.697
10747296,25,0.887
10747298,25,0.827
10747299,25,0.740
10747300,25,0.767
10747302,25,0.850
10747303,25,0.640
10747306,25,0.840
10747307,25,0.870
10747312,30,0.547
10747313,25,0.720
10747316,25,0.810
10747319,25,0.677
10747331,25,0.823
10747332,25,0.723
10747333,25,0.733
10747335,25,0.857
10747336,25,0.893
10747337,25,0.913
10747340,25,0.880
10747342,25,0.760
10747348,25,0.763
10747350,25,0.787
10747352,25,0.873
10747353,25,0.883
10747354,25,0.727
10747358,25,0.853
10747361,25,0.940
10747363,25,0.760
10747369,25,0.930
10747371,25,0.743
10747373,25,0.733
10747381,25,0.857
10747385,25,0.897
10747390,25,0.897
10747402,25,0.900
10747408,25,0.727
10747409,25,0.850
10747410,25,0.847
10747411,25,0.693
10747413,25,0.853
10747416,25,0.730
10747417,25,0.707
10747418,25,0.800
10747425,25,0.877
10747426,25,0.913
10747431,25,0.720
10747432,25,0.667
10747439,25,0.887
10747442,25,0.953
10747450,25,0.807
10747454,25,0.843
10747456,25,0.793
10747458,25,0.727
10747472,25,0.870
10747474,25,0.957
10747478,25,0.940
10747480,25,0.813
10747485,25,0.870
10747488,25,0.893
10747496,25,0.917
10747497,25,0.877
10747499,25,0.890
10747507,25,0.870
10747521,25,0.710
10747527,25,0.927
10747528,25,0.947
10747531,25,0.827
10747532,25,0.737
10747534,25,0.813
10747537,25,0.727
10747540,25,0.840
10747542,25,0.887
10747546,25,0.860
10747547,25,0.870
10747552,25,0.933
10747554,25,0.753
10747560,25,0.767
10747562,25,0.720
10747569,25,0.950
10747573,25,0.890
10747576,25,0.920
10747581,25,0.793
10747583,25,0.733
10747591,25,0.820
10747604,25,0.923
10747606,25,0.737
10747607,25,0.877
10747608,25,0.890
10747609,25,0.873
10747613,25,0.743
10747614,25,0.777
10747616,25,0.860
10747618,25,0.797
10747622,25,0.867
10747637,25,0.737
10747640,25,0.897
10747641,25,0.777
10747643,25,0.863
10747645,25,0.760
10747649,25,0.883
10747655,25,0.863
10747656,25,0.803
10747657,25,0.683
10747659,30,0.520
10747663,25,0.900
10747680,25,0.687
10747682,25,0.790
10747683,25,0.863
10747692,25,0.953
10747693,25,0.800
10747697,25,0.930
10747699,25,0.740
10747704,25,0.753
10747706,25,0.810
10747707,25,0.503
10747708,25,0.927
10747710,25,0.723
10747711,25,0.883
10747712,25,0.793
10747716,25,0.723
10747720,25,0.860
10747722,25,0.807
10747726,25,0.840
10747729,25,0.730
10747730,25,0.937
10747731,25,0.730
10747734,25,0.703
10747736,25,0.837
10747745,25,0.730
10747746,25,0.747
10747748,25,0.767
10747750,25,0.930
10747751,25,0.813
10747756,25,0.923
10747758,25,0.817
10747760,25,0.940
10747761,25,0.850
10747763,25,0.853
10747764,25,0.810
10747766,25,0.617
10747767,25,0.757
10747769,25,0.777
10747772,25,0.720
10747775,25,0.630
10747791,25,0.770
10747796,30,0.593
10747802,25,0.803
10747804,25,0.927
10747807,25,0.837
10747810,25,0.590
10747815,25,0.893
10747816,25,0.707
10747817,25,0.707
10747818,25,0.783
10747819,25,0.800
10747821,25,0.833
10747824,25,0.757
10747837,25,0.873
10747840,25,0.733
10747864,25,0.857
10747874,25,0.887
10747877,25,0.833
10747878,25,0.807
10747880,25,0.760
10747890,25,0.910
10747893,25,0.950
10747901,25,0.647
10747905,25,0.803
10747909,25,0.873
10747910,25,0.810
10747913,25,0.757
10747915,25,0.850
10747921,25,0.767
10747927,25,0.830
10747932,25,0.713
10747933,25,0.867
10747934,25,0.793
10747940,25,0.720
10747943,25,0.843
10747948,25,0.890
10747956,25,0.773
10747960,25,0.717
10747961,25,0.880
10747966,25,0.733
10747970,25,0.787
10747972,25,0.787
10747980,25,0.627
10748080,25,0.693
10748081,25,0.703
10748082,25,0.867
13580582,25,0.850
13580833,25,0.847
23644290,25,0.613
23644697,25,0.670
23647494,25,0.723
23647562,25,0.737
23647570,25,0.690
23647572,25,0.703
23647578,25,0.720
23647579,25,0.710
23647580,25,0.713
23647582,25,0.713
23647893,25,0.870
23647982,25,0.697
23647984,25,0.680
23648283,30,0.713
23648284,30,0.680
23648301,30,0.743
23648302,30,0.817
23649689,35,0.613
23651508,25,0.747
23651785,25,0.823
24411848,25,0.503
24411858,25,0.893
24411963,25,0.947
24411964,25,0.930
24423410,25,0.717
24997233,30,0.850
25001406,25,0.803
25001407,25,0.787
25001678,25,0.870
25002766,25,0.880
25005139,25,0.867
25019963,25,0.727
25020042,25,0.887
25020407,25,0.887
25022091,25,0.910
25022729,25,0.947
25022731,25,0.773
25024692,25,0.753
25025669,25,0.863
25030624,25,0.843
25041331,25,0.907
25055505,25,0.943
25055532,25,0.923
25082478,25,0.563
25082491,25,0.520
25123201,25,0.703
25123206,25,0.900
25148682,30,0.520
25229335,25,0.817
25229338,25,0.867
25229351,25,0.853
25268263,25,0.857
25313909,30,0.537
25313910,30,0.783
25340687,25,0.807
25340688,25,0.897
25366825,25,0.873
25400266,25,0.870
25480055,35,0.637
25480070,35,0.617
25787261,25,0.703
25902234,25,0.743
25902244,25,0.837
26186906,25,0.943
26272934,30,0.557
26337207,25,0.937
26482612,25,0.767
26574451,25,0.520
26574462,25,0.520
26574463,25,0.717
26574659,25,0.610
26574660,25,0.577
26633664,25,0.817
26633827,25,0.843
32027809,25,0.847
32028436,25,0.713
32342909,30,0.523
32342912,25,0.830
32342918,25,0.693
32342919,25,0.797
32616386,30,0.903
32616387,30,0.510
32616676,30,0.513
32616684,35,0.613
32616705,35,0.630
32616721,35,0.700
32616987,35,0.617
32616989,35,0.610
32656451,25,0.733
33102113,25,0.910
33102116,25,0.810
33102117,25,0.790
33102119,25,0.610
33102120,25,0.930
33102121,25,0.897
33102124,25,0.823
33150702,25,0.660
33190435,25,0.920
33281474,25,0.850
33974102,25,0.870
34401238,25,0.850
34734637,25,0.857
36894781,25,0.667
36894784,25,0.653
37607221,25,0.850
39514407,25,0.920
39997038,25,0.870
40933660,30,0.613
40933784,30,0.607
42531595,25,0.967
42531596,25,0.890
42531597,25,0.907
42531598,25,0.903
42531599,25,0.910
42531600,25,0.910
42531602,25,0.907
42531603,25,0.903
42531604,25,0.873
42531606,25,0.913
42531607,25,0.880
42531608,25,0.910
42531610,25,0.917
42531611,25,0.897
42531612,25,0.913
42531613,25,0.917
42531614,25,0.913
42531616,25,0.877
42531617,25,0.897
42531618,25,0.877
42531619,25,0.907
44019933,25,0.900
44019938,25,0.827
44708503,25,0.833
46699951,25,0.843
46743160,25,0.873
46946664,30,0.537
46947131,25,0.887
46947148,25,0.747
46972550,30,0.693
46972633,35,0.617
46972732,35,0.700
46972733,35,0.710
46972954,35,0.857
46973855,35,0.810
46973856,35,0.880
49825383,25,0.893
49825384,25,0.913
51965300,25,0.830
66789507,25,0.957
72657925,25,0.743
72657927,25,0.760
72657928,25,0.743
88150393,25,0.853
129281402,25,0.887
129388825,25,0.827
145130807,25,0.757
145130809,30,0.663
145130812,25,0.540
145130814,30,0.693
145130816,30,0.670
145130817,30,0.670
145130818,30,0.647
147740321,25,0.970
172592464,25,0.797
172592954,25,0.680
172736290,25,0.807
174700886,25,0.807
178085571,30,0.890
179253210,25,0.643
179253211,25,0.647
179253249,25,0.730
179253344,30,0.530
179389032,30,0.560
180617998,25,0.703
180618000,25,0.860
180618003,25,0.850
180642822,25,0.843
180841588,25,0.773
180841589,25,0.813
180841592,25,0.747
180841594,25,0.820
181522209,25,0.700
181547839,25,0.683
219177697,25,0.700
224933880,25,0.827
225055328,25,0.893
232194546,25,0.727
232194548,25,0.740
232194549,25,0.740
232194550,25,0.577
232194551,25,0.580
232194552,25,0.573
232194553,25,0.570
234953558,30,0.907
235110837,25,0.600
235113964,30,0.767
235195454,30,0.740
235195455,30,0.770
235195456,30,0.770
235195457,30,0.593
235195458,30,0.713
235195459,30,0.687
235195460,30,0.530
237615834,25,0.870
241741352,25,0.990
245674454,25,0.723
247490829,25,0.723
247490831,25,0.763
247490833,25,0.723
247490840,25,0.763
247490854,25,0.720
247490859,25,0.730
247490907,25,0.553
248096996,25,0.900
249414349,30,0.543
249414350,25,0.547
250074649,25,0.747
250877979,25,0.880
250877983,25,0.790
251439911,25,0.663
251439912,25,0.637
251439913,25,0.633
251439914,25,0.683
251439915,25,0.710
251439916,25,0.673
251715578,25,0.580
251715579,25,0.773
251715580,25,0.580
251715585,25,0.730
251715586,25,0.740
251826249,25,0.570
251826250,30,0.570
251826252,30,0.543
251868531,35,0.830
251868533,35,0.950
251868534,35,0.873
251868536,35,0.867
251868538,35,0.860
251868540,35,0.763
251868541,35,0.767
251868623,35,0.873
251869359,35,0.813
251876693,25,0.717
252029567,25,0.523
252029568,25,0.523
252029569,25,0.640
252076568,30,0.500
252076569,30,0.503
252076580,25,0.753
252076582,30,0.507
252076584,30,0.507
252078818,25,0.910
252078819,25,0.823
252078820,25,0.910
252078821,25,0.943
252223499,25,0.690
252505687,25,0.897
252505688,25,0.870
253117070,25,0.920
254087394,30,0.870
254087397,25,0.547
254087398,25,0.910
254986475,25,0.820
254986480,30,0.767
271598980,25,0.777
280956410,25,0.653
280956411,25,0.760
280956412,25,0.530
280956413,25,0.840
280956421,25,0.800
280956865,25,0.940
281346527,25,0.897
281346528,25,0.890
306945661,30,0.530
306945662,25,0.930
306945663,30,0.533
306945666,25,0.900
306945668,30,0.500
324606226,25,0.630
324606230,25,0.517
328692202,25,0.610
331264721,30,0.740
331264731,30,0.753
346375387,25,0.723
346375388,25,0.630
346375389,25,0.550
346375390,25,0.757
346375391,25,0.733
346375393,25,0.757
346375395,25,0.793
346375396,25,0.753
346375397,25,0.713
346375398,25,0.707
346375400,25,0.733
346375401,25,0.703
346375402,25,0.733
346375403,25,0.690
346375404,25,0.733
346375405,25,0.757
346375406,25,0.697
346375407,25,0.710
346375408,25,0.733
346375409,25,0.760
346375411,25,0.697
346375412,25,0.733
346375413,25,0.703
346375414,25,0.753
346375415,25,0.727
346375416,25,0.753
346375417,25,0.703
346375418,25,0.707
346375419,25,0.707
346375420,25,0.683
346375421,25,0.767
346375422,25,0.703
346375423,25,0.753
346375424,25,0.780
346375426,25,0.743
346375427,25,0.720
346375428,25,0.767
346375429,25,0.780
346375430,25,0.763
346375431,25,0.773
346375432,25,0.720
346375433,25,0.737
346375434,25,0.747
346375435,25,0.747
346375437,25,0.673
346375438,25,0.757
346375440,25,0.760
354669449,25,0.767
359656943,25,0.863
376970719,30,0.803
378166412,25,0.893
378182366,25,0.833
386746103,30,0.817
386746104,25,0.637
386746105,30,0.747
386746106,30,0.807
386746107,25,0.520
386746109,25,0.560
386746110,30,0.733
389978547,25,0.733
390357710,25,0.637
390357714,25,0.713
390357736,25,0.710
390357737,25,0.723
390504548,25,0.907
390504549,25,0.877
390504550,25,0.747
390550942,25,0.843
390550943,25,0.820
390553665,25,0.870
390553666,25,0.843
390553667,25,0.803
390553678,30,0.530
390553680,30,0.530
390553682,30,0.580
390553683,30,0.560
390553684,30,0.580
390553685,30,0.600
390553687,30,0.563
390553692,30,0.560
390761888,25,0.860
391057953,25,0.820
391057954,25,0.720
391057959,25,0.753
391067465,25,0.743
391067467,25,0.700
391074394,25,0.907
391074395,25,0.767
391074396,25,0.943
391074402,25,0.783
391074407,25,0.887
391074408,25,0.797
391074409,25,0.767
391074410,25,0.790
391074411,25,0.797
391074413,25,0.767
391074414,25,0.783
391084411,25,0.857
391084412,25,0.847
391112886,25,0.793
391112887,25,0.790
391112888,25,0.793
391112889,25,0.793
391112890,25,0.793
391112891,25,0.947
391112892,25,0.790
391112897,25,0.790
391112899,25,0.790
391112900,25,0.950
391112901,25,0.790
391112903,25,0.793
391112904,25,0.790
391112905,25,0.793
392699161,25,0.743
392699162,25,0.700
392699163,25,0.627
392707715,25,0.603
392707719,25,0.717
392707720,25,0.550
392707721,25,0.560
392707724,25,0.723
392707725,25,0.550
396345179,25,0.673
396345180,25,0.677
396345181,25,0.630
397726632,25,0.743
400092794,25,0.813
404661880,25,0.863
404661881,25,0.733
405715204,25,0.717
405715209,25,0.630
409270035,25,0.873
409350212,25,0.610
441631655,25,0.523
443254407,25,0.720
446742529,25,0.717
446742534,30,0.577
447914791,30,0.550
447914794,30,0.513
447914795,30,0.500
448012223,30,0.693
449392082,30,0.530
454391134,35,0.840
454393423,35,0.873
464389827,30,0.633
464389836,30,0.610
464389847,25,0.740
464389853,30,0.637
479821975,25,0.680
479821976,25,0.683
479821977,25,0.667
479821978,25,0.667
479821979,25,0.693
479821980,25,0.693
479821981,25,0.693
479821982,25,0.693
501676409,25,0.890
501682717,25,0.847
501682724,25,0.810
501682725,25,0.830
501682726,25,0.817
501682727,25,0.803
501682728,25,0.850
501682729,25,0.850
501684385,25,0.833
501684386,25,0.893
514615916,30,0.883
514615917,30,0.883
514615926,30,0.907
514615931,30,0.897
514615946,25,0.530
514615947,25,0.657
514615950,30,0.883
514615951,30,0.873
514615955,30,0.760
514615956,30,0.890
514615957,30,0.880
514615958,30,0.880
514615962,30,0.870
514615971,30,0.890
536398417,30,0.750
537085141,25,0.703
540647732,30,0.560
540650772,25,0.593
540650773,25,0.550
540651233,25,0.713
540652276,30,0.527
540652277,25,0.803
540665069,35,0.810
540666180,35,0.797
540666182,35,0.923
540667144,30,0.783
540667233,25,0.643
540668513,30,0.793
540672610,25,0.767
540672611,30,0.697
542548658,25,0.640
542555532,35,0.617
544468396,35,0.887
544468397,25,0.510
545225088,25,0.500
545434103,30,0.583
547502211,25,0.937
554643690,30,0.690
554643692,30,0.787
564537246,25,0.853
564537248,25,0.857
564537250,25,0.867
564565563,25,0.670
564565565,25,0.683
564565566,25,0.690
564565572,25,0.643
564565573,25,0.673
564565575,25,0.650
567248418,25,0.720
567248419,25,0.837
567251214,25,0.843
567251215,25,0.557
567251216,25,0.517
567251217,25,0.520
567251218,25,0.520
567251219,25,0.827
567252244,30,0.593
567252245,25,0.507
567252246,30,0.557
567252691,25,0.660
567253994,30,0.593
567254001,30,0.753
567255547,25,0.650
567257658,25,0.673
567257668,25,0.700
567257681,25,0.677
567258479,25,0.717
567258480,25,0.677
567262290,25,0.670
567262293,35,0.867
567262297,25,0.670
567262301,25,0.757
567265274,30,0.587
567265528,30,0.540
567267945,25,0.850
567267946,30,0.730
568140220,25,0.803
571099071,25,0.753
571100568,25,0.703
571100570,25,0.773
571100571,25,0.760
579983026,25,0.760
579983027,25,0.843
579983028,25,0.737
580186043,30,0.540
580186044,25,0.560
580186045,30,0.517
580186046,25,0.680
585826206,25,0.863
585913691,25,0.910
586019616,25,0.767
586019618,25,0.857
586030010,25,0.903
586148126,25,0.903
586183571,25,0.783
586183573,25,0.767
586786740,25,0.720
588314496,25,0.957
609637442,25,0.837
